{"attacks":[{"method":"udp","host":"1.1.1.1","port":80,"time":10,"username":"user1","start_time":1649248150247,"end_time":1649248160247},{"method":"syn","host":"1.1.1.1","port":"443","time":"60","end_time":1681468171721,"username":"forky"},{"method":"syn","host":"1.1.1.1","port":"60","time":"22","end_time":1681469979415,"username":"forky"},{"method":"syn","host":"1.1.1.1","port":"60","time":"22","end_time":1681469980251,"username":"forky"},{"method":"syn","host":"1.1.1.1","port":"60","time":"22","end_time":1681469981175,"username":"forky"},{"method":"syn","host":"1.1.1.1","port":"60","time":"22","end_time":1681469981975,"username":"forky"},{"method":"udp","host":"51.81.149.60","port":"22","time":"60","end_time":1681470226080,"username":"forky"},{"method":"udp","host":"51.81.149.60","port":"22","time":"60","end_time":1681470288590,"username":"forky"},{"method":"udp","host":"51.81.149.60","port":"22","time":"60","end_time":1681470338439,"username":"forky"},{"method":"tlsv2","host":"https://firewall.lol/","port":"443","time":"60","end_time":1681470530534,"username":"forky"},{"method":"tlsv2","host":"https://firewall.lol/","port":"443","time":"60","end_time":1681470598990,"username":"forky"},{"method":"tlsv2","host":"https://firewall.lol/","port":"443","time":"60","end_time":1681470633127,"username":"forky"}]}