{
    "users": [
        {
            "username": "root",
            "password": "anus123",
            "concurrents": 6,
            "max_boot": 1200,
            "Reseller": true,
            "Moder": false,
            "Admin": true,
            "Powersavingbypass": true,
            "attacks": [],
            "expire": "2025/10/21 20:30",
            "blacklistbypass": true,
            "slotbypass": true,
            "Vip": true
        },
        {
            "username": "bbosman",
            "password": "temirohx171",
            "concurrents": 2,
            "max_boot": 200,
            "Reseller": false,
            "Moder": false,
            "Admin": false,
            "expire": "2024-10-04T20:04:29.875Z",
            "blacklistbypass": false,
            "slotbypass": false,
            "attacks": []
        }
    ]
}